{
    "model_name": "Rocket_XGBoost",
    "dataset_name": "NATOPS",
    "model_params": {},
    "train_size": 180,
    "test_size": 180,
    "accuracy": 0.7777777777777778,
    "recall": [
        0.7666666666666667,
        0.5,
        0.6333333333333333,
        1.0,
        0.9333333333333333,
        0.8333333333333334
    ],
    "precision": [
        0.8214285714285714,
        0.6,
        0.6333333333333333,
        0.9375,
        0.875,
        0.7575757575757576
    ],
    "f1_score": [
        0.793103448275862,
        0.5454545454545454,
        0.6333333333333333,
        0.967741935483871,
        0.9032258064516129,
        0.7936507936507938
    ],
    "random_state_seed": 0,
    "timestamp": "2023-04-27 14:01:33.990015",
    "dimensios_used": [
        8,
        10,
        21,
        22
    ]
}