{
    "model_name": "Rocket_XGBoost",
    "model_params": {},
    "train_size": 275,
    "test_size": 300,
    "classification_report": {
        "0": {
            "precision": 1.0,
            "recall": 0.9166666666666666,
            "f1-score": 0.9565217391304348,
            "support": 12
        },
        "1": {
            "precision": 0.8,
            "recall": 0.6666666666666666,
            "f1-score": 0.7272727272727272,
            "support": 12
        },
        "2": {
            "precision": 1.0,
            "recall": 0.6666666666666666,
            "f1-score": 0.8,
            "support": 12
        },
        "3": {
            "precision": 0.7857142857142857,
            "recall": 0.9166666666666666,
            "f1-score": 0.8461538461538461,
            "support": 12
        },
        "4": {
            "precision": 1.0,
            "recall": 1.0,
            "f1-score": 1.0,
            "support": 12
        },
        "5": {
            "precision": 0.6153846153846154,
            "recall": 0.6666666666666666,
            "f1-score": 0.64,
            "support": 12
        },
        "6": {
            "precision": 0.8571428571428571,
            "recall": 0.5,
            "f1-score": 0.631578947368421,
            "support": 12
        },
        "7": {
            "precision": 0.7142857142857143,
            "recall": 0.8333333333333334,
            "f1-score": 0.7692307692307692,
            "support": 12
        },
        "8": {
            "precision": 0.9090909090909091,
            "recall": 0.8333333333333334,
            "f1-score": 0.8695652173913043,
            "support": 12
        },
        "9": {
            "precision": 0.75,
            "recall": 0.5,
            "f1-score": 0.6,
            "support": 12
        },
        "10": {
            "precision": 0.9,
            "recall": 0.75,
            "f1-score": 0.8181818181818182,
            "support": 12
        },
        "11": {
            "precision": 0.75,
            "recall": 0.75,
            "f1-score": 0.75,
            "support": 12
        },
        "12": {
            "precision": 0.9230769230769231,
            "recall": 1.0,
            "f1-score": 0.9600000000000001,
            "support": 12
        },
        "13": {
            "precision": 0.5625,
            "recall": 0.75,
            "f1-score": 0.6428571428571429,
            "support": 12
        },
        "14": {
            "precision": 0.9166666666666666,
            "recall": 0.9166666666666666,
            "f1-score": 0.9166666666666666,
            "support": 12
        },
        "15": {
            "precision": 0.75,
            "recall": 1.0,
            "f1-score": 0.8571428571428571,
            "support": 12
        },
        "16": {
            "precision": 0.6666666666666666,
            "recall": 0.5,
            "f1-score": 0.5714285714285715,
            "support": 12
        },
        "17": {
            "precision": 0.7,
            "recall": 0.5833333333333334,
            "f1-score": 0.6363636363636365,
            "support": 12
        },
        "18": {
            "precision": 0.9166666666666666,
            "recall": 0.9166666666666666,
            "f1-score": 0.9166666666666666,
            "support": 12
        },
        "19": {
            "precision": 1.0,
            "recall": 1.0,
            "f1-score": 1.0,
            "support": 12
        },
        "20": {
            "precision": 0.6363636363636364,
            "recall": 0.5833333333333334,
            "f1-score": 0.6086956521739131,
            "support": 12
        },
        "21": {
            "precision": 0.5625,
            "recall": 0.75,
            "f1-score": 0.6428571428571429,
            "support": 12
        },
        "22": {
            "precision": 0.6470588235294118,
            "recall": 0.9166666666666666,
            "f1-score": 0.7586206896551724,
            "support": 12
        },
        "23": {
            "precision": 0.7857142857142857,
            "recall": 0.9166666666666666,
            "f1-score": 0.8461538461538461,
            "support": 12
        },
        "24": {
            "precision": 1.0,
            "recall": 1.0,
            "f1-score": 1.0,
            "support": 12
        },
        "accuracy": 0.7933333333333333,
        "macro avg": {
            "precision": 0.8059532820121055,
            "recall": 0.7933333333333333,
            "f1-score": 0.7906383174677974,
            "support": 300
        },
        "weighted avg": {
            "precision": 0.8059532820121056,
            "recall": 0.7933333333333333,
            "f1-score": 0.7906383174677974,
            "support": 300
        }
    },
    "random_state_seed": 0,
    "timestamp": "2023-05-02 15:25:12.471330",
    "dimensios_used": [
        5
    ]
}