{
    "model_name": "Rocket_XGBoost",
    "model_params": {},
    "train_size": 2459,
    "test_size": 2466,
    "accuracy": 0.0016220600162206002,
    "f1_score": [
        0.0,
        0.0,
        0.0,
        0.0,
        0.0,
        0.0,
        0.12698412698412698,
        0.0,
        0.0,
        0.0,
        0.0,
        0.0,
        0.0,
        0.0,
        0.0,
        0.0,
        0.0,
        0.0,
        0.0,
        0.0,
        0.0,
        0.0,
        0.0,
        0.0,
        0.0,
        0.0,
        0.0
    ],
    "random_state_seed": 0,
    "timestamp": "2023-04-22 17:50:20.001147"
}