{
    "model_name": "Rocket_XGBoost",
    "model_params": {},
    "train_size": 5890,
    "test_size": 3524,
    "classification_report": {
        "0": {
            "precision": 0.6084933100639907,
            "recall": 0.5936435868331441,
            "f1-score": 0.6009767308244758,
            "support": 1762
        },
        "1": {
            "precision": 0.6033240997229917,
            "recall": 0.6180476730987514,
            "f1-score": 0.6105971404541632,
            "support": 1762
        },
        "accuracy": 0.6058456299659478,
        "macro avg": {
            "precision": 0.6059087048934912,
            "recall": 0.6058456299659478,
            "f1-score": 0.6057869356393195,
            "support": 3524
        },
        "weighted avg": {
            "precision": 0.6059087048934912,
            "recall": 0.6058456299659478,
            "f1-score": 0.6057869356393195,
            "support": 3524
        }
    },
    "random_state_seed": 0,
    "timestamp": "2023-04-30 20:02:51.020538",
    "dimensios_used": [
        0,
        1,
        2,
        3,
        4,
        5,
        6,
        7,
        8,
        9,
        10,
        11,
        12,
        13,
        14,
        15,
        16,
        17,
        18,
        19,
        20,
        21,
        22,
        23,
        24,
        25,
        26,
        27,
        28,
        29,
        30,
        31,
        32,
        33,
        34,
        35,
        36,
        37,
        38,
        39,
        40,
        41,
        42,
        43,
        44,
        45,
        46,
        47,
        48,
        49,
        50,
        51,
        52,
        53,
        54,
        55,
        56,
        57,
        58,
        59,
        60,
        61,
        62,
        63,
        64,
        65,
        66,
        67,
        68,
        69,
        70,
        71,
        72,
        73,
        74,
        75,
        76,
        77,
        78,
        79,
        80,
        81,
        82,
        83,
        84,
        85,
        86,
        87,
        88,
        89,
        90,
        91,
        92,
        93,
        94,
        95,
        96,
        97,
        98,
        99,
        100,
        101,
        102,
        103,
        104,
        105,
        106,
        107,
        108,
        109,
        110,
        111,
        112,
        113,
        114,
        115,
        116,
        117,
        118,
        119,
        120,
        121,
        122,
        123,
        124,
        125,
        126,
        127,
        128,
        129,
        130,
        131,
        132,
        133,
        134,
        135,
        136,
        137,
        138,
        139,
        140,
        141,
        142,
        143
    ]
}