{
    "model_name": "Rocket_XGBoost",
    "model_params": {},
    "train_size": 180,
    "test_size": 180,
    "accuracy": 0.8611111111111112,
    "recall": [
        0.8666666666666667,
        0.7,
        0.8333333333333334,
        1.0,
        0.8666666666666667,
        0.9
    ],
    "precision": [
        0.9285714285714286,
        0.8076923076923077,
        0.78125,
        0.967741935483871,
        0.896551724137931,
        0.7941176470588235
    ],
    "f1_score": [
        0.896551724137931,
        0.75,
        0.8064516129032259,
        0.9836065573770492,
        0.8813559322033899,
        0.84375
    ],
    "random_state_seed": 0,
    "timestamp": "2023-04-27 14:32:41.125308",
    "dimensios_used": [
        0,
        1,
        2,
        3,
        4,
        5,
        6,
        7,
        8,
        9,
        10,
        11,
        12,
        13,
        14,
        15,
        16,
        17,
        18,
        19,
        20,
        21,
        22,
        23
    ]
}