{
    "model_name": "Rocket_XGBoost",
    "dataset_name": "ArabicWordRecognition",
    "model_params": {},
    "train_size": 275,
    "test_size": 300,
    "classification_report": {
        "0": {
            "precision": 1.0,
            "recall": 0.75,
            "f1-score": 0.8571428571428571,
            "support": 12
        },
        "1": {
            "precision": 0.9230769230769231,
            "recall": 1.0,
            "f1-score": 0.9600000000000001,
            "support": 12
        },
        "2": {
            "precision": 0.9090909090909091,
            "recall": 0.8333333333333334,
            "f1-score": 0.8695652173913043,
            "support": 12
        },
        "3": {
            "precision": 0.7857142857142857,
            "recall": 0.9166666666666666,
            "f1-score": 0.8461538461538461,
            "support": 12
        },
        "4": {
            "precision": 0.8,
            "recall": 1.0,
            "f1-score": 0.888888888888889,
            "support": 12
        },
        "5": {
            "precision": 0.9090909090909091,
            "recall": 0.8333333333333334,
            "f1-score": 0.8695652173913043,
            "support": 12
        },
        "6": {
            "precision": 1.0,
            "recall": 1.0,
            "f1-score": 1.0,
            "support": 12
        },
        "7": {
            "precision": 0.8,
            "recall": 1.0,
            "f1-score": 0.888888888888889,
            "support": 12
        },
        "8": {
            "precision": 1.0,
            "recall": 0.6666666666666666,
            "f1-score": 0.8,
            "support": 12
        },
        "9": {
            "precision": 0.9230769230769231,
            "recall": 1.0,
            "f1-score": 0.9600000000000001,
            "support": 12
        },
        "10": {
            "precision": 1.0,
            "recall": 1.0,
            "f1-score": 1.0,
            "support": 12
        },
        "11": {
            "precision": 0.9090909090909091,
            "recall": 0.8333333333333334,
            "f1-score": 0.8695652173913043,
            "support": 12
        },
        "12": {
            "precision": 1.0,
            "recall": 0.6666666666666666,
            "f1-score": 0.8,
            "support": 12
        },
        "13": {
            "precision": 0.9090909090909091,
            "recall": 0.8333333333333334,
            "f1-score": 0.8695652173913043,
            "support": 12
        },
        "14": {
            "precision": 1.0,
            "recall": 0.9166666666666666,
            "f1-score": 0.9565217391304348,
            "support": 12
        },
        "15": {
            "precision": 0.9166666666666666,
            "recall": 0.9166666666666666,
            "f1-score": 0.9166666666666666,
            "support": 12
        },
        "16": {
            "precision": 0.7857142857142857,
            "recall": 0.9166666666666666,
            "f1-score": 0.8461538461538461,
            "support": 12
        },
        "17": {
            "precision": 0.8571428571428571,
            "recall": 1.0,
            "f1-score": 0.923076923076923,
            "support": 12
        },
        "18": {
            "precision": 1.0,
            "recall": 0.9166666666666666,
            "f1-score": 0.9565217391304348,
            "support": 12
        },
        "19": {
            "precision": 0.8571428571428571,
            "recall": 1.0,
            "f1-score": 0.923076923076923,
            "support": 12
        },
        "20": {
            "precision": 0.8571428571428571,
            "recall": 1.0,
            "f1-score": 0.923076923076923,
            "support": 12
        },
        "21": {
            "precision": 0.8461538461538461,
            "recall": 0.9166666666666666,
            "f1-score": 0.8799999999999999,
            "support": 12
        },
        "22": {
            "precision": 0.9090909090909091,
            "recall": 0.8333333333333334,
            "f1-score": 0.8695652173913043,
            "support": 12
        },
        "23": {
            "precision": 1.0,
            "recall": 1.0,
            "f1-score": 1.0,
            "support": 12
        },
        "24": {
            "precision": 1.0,
            "recall": 0.9166666666666666,
            "f1-score": 0.9565217391304348,
            "support": 12
        },
        "accuracy": 0.9066666666666666,
        "macro avg": {
            "precision": 0.9158914418914418,
            "recall": 0.9066666666666667,
            "f1-score": 0.9052206826989435,
            "support": 300
        },
        "weighted avg": {
            "precision": 0.9158914418914418,
            "recall": 0.9066666666666666,
            "f1-score": 0.9052206826989436,
            "support": 300
        }
    },
    "random_state_seed": 0,
    "timestamp": "2023-05-02 15:24:33.076039",
    "dimensios_used": [
        0,
        1,
        2,
        3,
        4,
        5,
        6,
        7,
        8
    ]
}