{
    "model_name": "Rocket_XGBoost",
    "dataset_name": "NATOPS",
    "model_params": {},
    "train_size": 180,
    "test_size": 180,
    "accuracy": 0.7888888888888889,
    "recall": [
        0.8333333333333334,
        0.6333333333333333,
        0.5333333333333333,
        0.9333333333333333,
        1.0,
        0.8
    ],
    "precision": [
        0.8620689655172413,
        0.5757575757575758,
        0.6956521739130435,
        0.9655172413793104,
        0.8108108108108109,
        0.8275862068965517
    ],
    "f1_score": [
        0.847457627118644,
        0.6031746031746033,
        0.6037735849056605,
        0.9491525423728815,
        0.8955223880597014,
        0.8135593220338982
    ],
    "random_state_seed": 0,
    "timestamp": "2023-04-27 14:06:36.016275",
    "dimensios_used": [
        8,
        10,
        11,
        12,
        16,
        17,
        21,
        22
    ]
}