{
    "model_name": "Rocket_XGBoost",
    "dataset_name": "TiSeLac",
    "model_params": {},
    "train_size": 81714,
    "test_size": 17973,
    "accuracy": 0.866076893117454,
    "f1_score": [
        0.8669785294470433,
        0.6208213944603629,
        0.8584070796460177,
        0.8875316549977655,
        0.9154377450065335,
        0.8146118721461186,
        0.9124792013311148,
        0.5967741935483871,
        0.8039430449069003
    ],
    "random_state_seed": 0,
    "dimensions_used": [0, 1, 2, 3, 4, 5, 6, 7, 8, 9],
    "timestamp": "2023-04-24 03:51:57.313126"
}