{
    "model_name": "Rocket_XGBoost",
    "dataset_name": "TiSeLac",
    "model_params": {},
    "train_size": 81714,
    "test_size": 17973,
    "accuracy": 0.8244589105881044,
    "recall": [
        0.88,
        0.437403400309119,
        0.8175,
        0.8431430253090053,
        0.9099690880989181,
        0.7147887323943662,
        0.8661005878510777,
        0.34415584415584416,
        0.6435452793834296
    ],
    "precision": [
        0.7672188317349607,
        0.7648648648648648,
        0.8004895960832313,
        0.8780263561140055,
        0.8774217585692996,
        0.7696682464454976,
        0.8995929443690638,
        0.7162162162162162,
        0.8789473684210526
    ],
    "f1_score": [
        0.8197484862598975,
        0.5565388397246804,
        0.8089053803339518,
        0.8602311965170395,
        0.8933990895295904,
        0.7412140575079872,
        0.8825291181364392,
        0.46491228070175444,
        0.7430478309232481
    ],
    "random_state_seed": 0,
    "dimensions_used": [7, 8, 9],
    "timestamp": "2023-04-26 21:24:26.439116"
}