{
    "model_name": "Rocket_XGBoost",
    "dataset_name": "PhonemeSpectra",
    "model_params": {},
    "train_size": 4667,
    "test_size": 2001,
    "classification_report": {
        "0": {
            "precision": 0.1694915254237288,
            "recall": 0.18181818181818182,
            "f1-score": 0.17543859649122806,
            "support": 55
        },
        "1": {
            "precision": 0.30357142857142855,
            "recall": 0.2982456140350877,
            "f1-score": 0.30088495575221236,
            "support": 57
        },
        "2": {
            "precision": 0.1282051282051282,
            "recall": 0.09090909090909091,
            "f1-score": 0.10638297872340426,
            "support": 55
        },
        "3": {
            "precision": 0.29545454545454547,
            "recall": 0.22413793103448276,
            "f1-score": 0.2549019607843137,
            "support": 58
        },
        "4": {
            "precision": 0.23943661971830985,
            "recall": 0.3469387755102041,
            "f1-score": 0.2833333333333333,
            "support": 49
        },
        "5": {
            "precision": 0.24528301886792453,
            "recall": 0.23636363636363636,
            "f1-score": 0.24074074074074073,
            "support": 55
        },
        "6": {
            "precision": 0.3188405797101449,
            "recall": 0.38596491228070173,
            "f1-score": 0.3492063492063492,
            "support": 57
        },
        "7": {
            "precision": 0.18181818181818182,
            "recall": 0.16326530612244897,
            "f1-score": 0.17204301075268816,
            "support": 49
        },
        "8": {
            "precision": 0.2571428571428571,
            "recall": 0.2,
            "f1-score": 0.225,
            "support": 45
        },
        "9": {
            "precision": 0.3090909090909091,
            "recall": 0.34,
            "f1-score": 0.32380952380952377,
            "support": 50
        },
        "10": {
            "precision": 0.17142857142857143,
            "recall": 0.2727272727272727,
            "f1-score": 0.21052631578947367,
            "support": 44
        },
        "11": {
            "precision": 0.23255813953488372,
            "recall": 0.2,
            "f1-score": 0.2150537634408602,
            "support": 50
        },
        "12": {
            "precision": 0.275,
            "recall": 0.25,
            "f1-score": 0.2619047619047619,
            "support": 44
        },
        "13": {
            "precision": 0.2222222222222222,
            "recall": 0.2608695652173913,
            "f1-score": 0.24,
            "support": 46
        },
        "14": {
            "precision": 0.3958333333333333,
            "recall": 0.36538461538461536,
            "f1-score": 0.38,
            "support": 52
        },
        "15": {
            "precision": 0.36363636363636365,
            "recall": 0.32,
            "f1-score": 0.3404255319148936,
            "support": 50
        },
        "16": {
            "precision": 0.13114754098360656,
            "recall": 0.16,
            "f1-score": 0.14414414414414414,
            "support": 50
        },
        "17": {
            "precision": 0.3958333333333333,
            "recall": 0.3584905660377358,
            "f1-score": 0.37623762376237624,
            "support": 53
        },
        "18": {
            "precision": 0.34285714285714286,
            "recall": 0.19672131147540983,
            "f1-score": 0.25,
            "support": 61
        },
        "19": {
            "precision": 0.16129032258064516,
            "recall": 0.23809523809523808,
            "f1-score": 0.1923076923076923,
            "support": 42
        },
        "20": {
            "precision": 0.2413793103448276,
            "recall": 0.28,
            "f1-score": 0.25925925925925924,
            "support": 50
        },
        "21": {
            "precision": 0.28205128205128205,
            "recall": 0.1746031746031746,
            "f1-score": 0.2156862745098039,
            "support": 63
        },
        "22": {
            "precision": 0.1935483870967742,
            "recall": 0.25,
            "f1-score": 0.21818181818181817,
            "support": 48
        },
        "23": {
            "precision": 0.52,
            "recall": 0.4482758620689655,
            "f1-score": 0.48148148148148145,
            "support": 58
        },
        "24": {
            "precision": 0.273972602739726,
            "recall": 0.37735849056603776,
            "f1-score": 0.31746031746031744,
            "support": 53
        },
        "25": {
            "precision": 0.375,
            "recall": 0.33962264150943394,
            "f1-score": 0.3564356435643565,
            "support": 53
        },
        "26": {
            "precision": 0.16129032258064516,
            "recall": 0.09090909090909091,
            "f1-score": 0.11627906976744187,
            "support": 55
        },
        "27": {
            "precision": 0.19607843137254902,
            "recall": 0.2222222222222222,
            "f1-score": 0.20833333333333334,
            "support": 45
        },
        "28": {
            "precision": 0.23333333333333334,
            "recall": 0.25925925925925924,
            "f1-score": 0.2456140350877193,
            "support": 54
        },
        "29": {
            "precision": 0.35185185185185186,
            "recall": 0.4318181818181818,
            "f1-score": 0.3877551020408163,
            "support": 44
        },
        "30": {
            "precision": 0.13513513513513514,
            "recall": 0.1,
            "f1-score": 0.11494252873563218,
            "support": 50
        },
        "31": {
            "precision": 0.25,
            "recall": 0.1724137931034483,
            "f1-score": 0.20408163265306123,
            "support": 58
        },
        "32": {
            "precision": 0.21818181818181817,
            "recall": 0.23529411764705882,
            "f1-score": 0.22641509433962262,
            "support": 51
        },
        "33": {
            "precision": 0.2727272727272727,
            "recall": 0.2727272727272727,
            "f1-score": 0.2727272727272727,
            "support": 55
        },
        "34": {
            "precision": 0.1694915254237288,
            "recall": 0.21739130434782608,
            "f1-score": 0.19047619047619047,
            "support": 46
        },
        "35": {
            "precision": 0.47368421052631576,
            "recall": 0.3050847457627119,
            "f1-score": 0.3711340206185567,
            "support": 59
        },
        "36": {
            "precision": 0.3333333333333333,
            "recall": 0.29545454545454547,
            "f1-score": 0.3132530120481928,
            "support": 44
        },
        "37": {
            "precision": 0.2459016393442623,
            "recall": 0.32608695652173914,
            "f1-score": 0.28037383177570097,
            "support": 46
        },
        "38": {
            "precision": 0.32786885245901637,
            "recall": 0.425531914893617,
            "f1-score": 0.37037037037037035,
            "support": 47
        },
        "accuracy": 0.263368315842079,
        "macro avg": {
            "precision": 0.2665377198055162,
            "recall": 0.2644611689852841,
            "f1-score": 0.26134875823817805,
            "support": 2001
        },
        "weighted avg": {
            "precision": 0.2696673572696891,
            "recall": 0.263368315842079,
            "f1-score": 0.2622107280347869,
            "support": 2001
        }
    },
    "random_state_seed": 0,
    "timestamp": "2023-05-02 23:32:26.136078",
    "dimensios_used": [
        0,
        1,
        2,
        3,
        4,
        5,
        6,
        7,
        8,
        9,
        10
    ]
}