{
    "model_name": "Rocket_XGBoost",
    "model_params": {},
    "train_size": 81714,
    "test_size": 17973,
    "accuracy": 0.7987536860846826,
    "f1_score": [
        0.793227415052766,
        0.5562015503875969,
        0.7951419011029868,
        0.8255255255255256,
        0.8680318543799772,
        0.7066303360581291,
        0.8589403973509934,
        0.3714285714285714,
        0.6752336448598131
    ],
    "random_state_seed": 0,
    "timestamp": "2023-04-25 16:05:05.924591"
}