{
    "model_name": "Rocket_XGBoost",
    "dataset_name": "NATOPS",
    "model_params": {},
    "train_size": 180,
    "test_size": 180,
    "accuracy": 0.5777777777777777,
    "recall": [
        0.4,
        0.43333333333333335,
        0.3,
        0.9,
        0.7666666666666667,
        0.6666666666666666
    ],
    "precision": [
        0.4,
        0.3939393939393939,
        0.42857142857142855,
        0.84375,
        0.6764705882352942,
        0.6666666666666666
    ],
    "f1_score": [
        0.4000000000000001,
        0.4126984126984127,
        0.3529411764705882,
        0.870967741935484,
        0.71875,
        0.6666666666666666
    ],
    "random_state_seed": 0,
    "timestamp": "2023-04-27 13:59:15.179064",
    "dimensios_used": [
        10
    ]
}